{"W_r0": [142868.0, 141437.45518028893, 135778.95697307738, 131704.58826388506, 131703.58826388506], "z_r0": [335.49994167150794, 335.4165001493378, 335.0864484815389, 334.84879669860067, 334.8487383701086], "W_r1": [42633.0, 42206.53481971108, 40517.273426922635, 39300.75522411495, 39299.75522411495], "z_r1": [418.2220984295268, 418.16930515534364, 417.96018693421223, 417.8095908668237, 417.8094670741283], "P_g0": [-3.8342634914337825e-08, 827700.008277, -366100.0036610283, -261500.00261502786, -52300.00052301477], "Q_p0": [-2.9591800818652314e-14, 0.8648197110809234, -2.97453270746565e-14, -2.9504544876060854e-14, -1.7967829075219128e-14], "H_p0": [82.72215675801885, 82.75654457166917, 82.87373845267331, 82.96079416822306, 82.96072870401969], "Ph_b0": [0.0, 234477.23746782227, 0.0, 0.0, 0.0], "Q_b0": [0.0, 0.28882137591420876, 0.0, 0.0, 0.0], "H_b0": [82.72215675801885, 82.75654457166917, 82.87373845267331, 82.96079416822306, 82.96072870401969], "rpm_0": [1305.587572811569, 1466.5621546949874, 1306.7832174073887, 1307.4694003282418, 1307.4688844673435], "Pe_b0": [0.0, 275900.0, 0.0, 0.0, 0.0], "nu_b0": [0.8481073252629574, 0.8498631211419067, 0.8481212284467852, 0.8481292011947408, 0.8481291952026906], "Ph_b1": [0.0, 234477.23746782227, 0.0, 0.0, 0.0], "Q_b1": [0.0, 0.28882137591420876, 0.0, 0.0, 0.0], "H_b1": [82.72215675801885, 82.75654457166917, 82.87373845267331, 82.96079416822306, 82.96072870401969], "rpm_1": [1305.587572811569, 1466.5621546949874, 1306.7832174073887, 1307.4694003282418, 1307.4688844673435], "Pe_b1": [0.0, 275900.0, 0.0, 0.0, 0.0], "nu_b1": [0.8481073252629574, 0.8498631211419067, 0.8481212284467852, 0.8481292011947408, 0.8481291952026906], "Ph_b2": [0.0, 233142.23144598032, 0.0, 0.0, 0.0], "Q_b2": [0.0, 0.28717695925250586, 0.0, 0.0, 0.0], "H_b2": [82.72215675801885, 82.75654457166917, 82.87373845267331, 82.96079416822306, 82.96072870401969], "rpm_2": [951.8261715322932, 1067.9249980560746, 952.6978448247262, 953.1980999406046, 953.1977238571353], "Pe_b2": [0.0, 275900.0, 0.0, 0.0, 0.0], "nu_b2": [0.8432304663630081, 0.8450243896866986, 0.843244815940093, 0.8432530446712083, 0.8432530384867698], "P_pv_g0": [9.973591502453756e-09, 0.0, 366100.00366099976, 261500.0026149995, 52300.0005229975], "P_pv_dim0": [0.0]}