,Turb2w.Pdim,PVw.Pdim,Turb2s.Pdim,PVs.Pdim
,103789.39185136132,0.0,879673.2787821925,0.0
