,Sell_W,Sell_S,Sell,Buy_W,Buy_S,Buy,Esell_W,Esell_S,Esell,Ebuy_W,Ebuy_S,Ebuy,Wriver_W,Wriver_S,Wriver
0,7.391506725731416e-08,8.849232183147132e-08,1.6240738908878548e-07,4.59243171094308e-07,333.69893903321184,333.698939492455,9.682677193002997e-07,8.799521923768584e-07,1.848219911677158e-06,3.2909557683275663e-06,2467.016503852227,2467.0165071431825,3415.3500120549793,17362.64233265519,20777.99234471017
