,Sell_W,Sell_S,Sell,Buy_W,Buy_S,Buy,Esell_W,Esell_S,Esell,Ebuy_W,Ebuy_S,Ebuy,Wriver_W,Wriver_S,Wriver,CO2_W,CO2_S,CO2
0,0.0,0.0,0.0,3.2431140437543246e-07,333.6989388951924,166.8494696097519,0.0,0.0,0.0,2.3226880490276514e-06,2467.016502972275,1233.5082526474814,3415.3500120549793,17362.64233265519,10388.996172355084,1.8918710212198427e-07,238.34568866012367,119.17284442465538
