,Sell_W,Sell_S,Sell,Buy_W,Buy_S,Buy,Esell_W,Esell_S,Esell,Ebuy_W,Ebuy_S,Ebuy,Wriver_W,Wriver_S,Wriver,CO2_W,CO2_S,CO2
0,167.1904050609427,7.399855257778333,87.29513015936053,0.15053364295816968,62.228923548221935,31.189728595590054,2071.9646537854865,63.04435211272037,1067.5045029491034,1.196520440041255,453.3937720914036,227.29514626572242,3432.3545801198497,17385.64205788695,10408.9983190034,-144.55720222208555,38.70784650557858,-52.92467785825349
