,Sell_W,Sell_S,Sell,Buy_W,Buy_S,Buy,Esell_W,Esell_S,Esell,Ebuy_W,Ebuy_S,Ebuy,Wriver_W,Wriver_S,Wriver
0,167.1904050609427,7.399855257778333,174.59026031872105,0.15053364295816968,62.228923548221935,62.37945719118011,2071.9646537854865,63.04435211272037,2135.009005898207,1.196520440041255,453.3937720914036,454.59029253144485,3432.3545801198497,17385.64205788695,20817.9966380068
