{
"EB":{
	 "data":{"type":"EB"},
	 "init_data":{},
	 "conns":{}
	 },
"Grid":{
	 "data":{"type":"Grid","Pmax":4.8},
	 "init_data":{},
	 "conns":{"P":["EB","P"]}
	 },
"PV":{
	 "data":{"type":"SolarPV","Pinst":1.4,"Pmax":10,"eff":1,"forecast":[0.0, 0.0, 0.0, 0.0, 0.2, 0.4, 0.6, 0.8, 0.9, 1.0, 0.95, 0.9, 0.8, 0.6, 0.4, 0.2, 0.1, 0.0, 0.0, 0.0, 0.0, 0.0, 0.0, 0.0, 0.0, 0.0, 0.0, 0.0, 0.0, 0.2, 0.4, 0.6, 0.8, 0.9, 1.0, 0.95, 0.9, 0.8, 0.6, 0.4, 0.2, 0.1, 0.0, 0.0, 0.0, 0.0, 0.0, 0.0]},
	 "init_data":{},
	 "conns":{"P":["EB","P"]}
	 },
"Battery":{
	 "data":{"type":"Battery_FCR","E0":0.5,"Emax":24000,"Emin":0,"SOCmax":1,"SOCmin":0,"Pmax":1000,"Einst":24000,"Pinst":1000,"rend_ch":0.9,"rend_disc":1.1,"slope_fcr":-5,"dt":1,"ActFCRPos":[0.0, 0.06301754385964912, 0.0024561403508771926, 0.05661052631578947, 0.24327017543859647, 0.0, 0.0, 0.0, 0.06775438596491228, 0.0, 0.0, 0.0, 0.0, 0.0, 0.0, 0.0, 0.0, 0.0, 0.0, 0.0, 0.0, 0.0, 0.0, 0.0, 0.0, 0.0, 0.0, 0.0, 0.0, 0.0, 0.0, 0.0, 0.0, 0.04185964912280701, 0.0, 0.0, 0.0, 0.0, 0.0, 0.0, 0.3548771929824561, 0.3715017543859649, 0.22027368421052632, 0.4045684210526316, 0.6024912280701755, 0.01495438596491228, 0.06395087719298245, 0.09841403508771929],"ActFCRNeg":[-0.06090526315789474, 0.0, 0.0, 0.0, 0.0, -0.16428771929824562, -0.1480280701754386, -0.07864561403508773, 0.0, -0.34007719298245614, -0.39981052631578945, -0.4896842105263158, -0.08091228070175438, -0.17153684210526315, -0.16988771929824562, -0.26108070175438597, -0.24071578947368422, -0.38432280701754384, -0.4404070175438597, -0.3957964912280702, -0.19491228070175437, -0.19423859649122807, -0.10110175438596491, -0.14225263157894738, -0.3710175438596491, -0.3776140350877193, -0.38527017543859654, -0.42556491228070176, -0.21996491228070175, -0.29541754385964913, -0.2899298245614035, -0.37133333333333335, -0.0728280701754386, 0.0, -0.12928421052631578, -0.15368421052631578, -0.21024561403508774, -0.16174736842105264, -0.12079298245614035, -0.11433684210526315, 0.0, 0.0, 0.0, 0.0, 0.0, 0.0, 0.0, 0.0],"FCRreBAP":[146.2, 146.2, 146.2, 146.2, 146.2, 146.2, 146.2, 146.2, 146.2, 146.2, 146.2, 146.2, 146.2, 146.2, 146.2, 146.2, 146.2, 146.2, 146.2, 146.2, 146.2, 146.2, 146.2, 146.2, 146.2, 146.2, 146.2, 146.2, 146.2, 146.2, 146.2, 146.2, 146.2, 146.2, 146.2, 146.2, 146.2, 146.2, 146.2, 146.2, 146.2, 146.2, 146.2, 146.2, 146.2, 146.2, 146.2, 146.2],"FCRRemuneration":[8.705, 8.705, 8.705, 8.705, 8.705, 8.705, 8.705, 8.705, 8.705, 8.705, 8.705, 8.705, 8.705, 8.705, 8.705, 8.705, 8.83, 8.83, 8.83, 8.83, 8.83, 8.83, 8.83, 8.83, 8.83, 8.83, 8.83, 8.83, 8.83, 8.83, 8.83, 8.83, 5.0625, 5.0625, 5.0625, 5.0625, 5.0625, 5.0625, 5.0625, 5.0625, 5.0625, 5.0625, 5.0625, 5.0625, 5.0625, 5.0625, 5.0625, 5.0625]},
	 "init_data":{},
	 "conns":{"P":["EB","P"]}
	 }
}
