,Turb1.Pdim,PV.Pdim,Battery.Pdim,Battery.Edim
,11109.722592919783,9810.0,8719.999999999996,19620.0
