,Turb1.Pdim,PV.Pdim,Battery.Pdim,Battery.Edim
,11109.726434504651,9809.999999999998,12534.999999999996,17658.0
