,PV.Pdim,Battery.Pdim,Battery.Edim
,9809.999999991356,5869.067740501504,10158.8262079416
