,Turb1.Pdim,PV.Pdim,Battery.Pdim,Battery.Edim
,12625.414617617356,9809.99999997518,4916.1121834023925,9086.751205996634
