,Turb1.Pdim,PV.Pdim,Battery.Pdim,Battery.Edim
,10650.599281293096,9809.999999999996,2238.894844423801,6074.881699976774
