,PV.Pdim,Battery.Pdim,Battery.Edim
,9809.999999999618,6888.310212583477,11305.473989152188
