{
"Grid":{
	 "data":{"type":"Grid","Pmax":480000},
	 "init_data":{},
	 "conns":{"P":["EB","P"]}
	 },
"Reservoir0":{
	 "data":{"type":"Reservoir_Ex0","W0":15,"Wmin":0,"Wmax":20},
	 "init_data":{"Q":[0, 0, 0, 0, 0, 0, 0, 0, 0, 0],"W":[5, 5, 5, 5, 5, 5, 5, 5, 5, 5]},
	 "conns":{}
	 },
"Reservoir1":{
	 "data":{"type":"Reservoir_Ex0","W0":1,"Wmin":0,"Wmax":10},
	 "init_data":{"Q":[0, 0, 0, 0, 0, 0, 0, 0, 0, 0],"W":[5, 5, 5, 5, 5, 5, 5, 5, 5, 5]},
	 "conns":{}
	 },
"Pipe1":{
	 "data":{"type":"Pipe_Ex0","H0":20,"K":0.05,"Qmax":50},
	 "init_data":{"Q":[0, 0, 0, 0, 0, 0, 0, 0, 0, 0],"H":[20, 20, 20, 20, 20, 20, 20, 20, 20, 20]},
	 "conns":{"Q":["Reservoir1","Q"]}
	 },
"Irrigation1":{
	 "data":{"type":"Source","Q":[2, 0, 0, 0, 2, 0, 0, 0, 0, 2]},
	 "init_data":{},
	 "conns":{"Qin":["Reservoir1","Q"]}
	 },
"EB":{
	 "data":{"type":"EB"},
	 "init_data":{},
	 "conns":{}
	 },
"PV":{
	 "data":{"type":"SolarPV","Pinst":50000,"eff":0.98,"Pmax":100000,"forecast":[0.4, 1.0, 1.7, 1.2, 0.5, 0.4, 1.0, 1.7, 1.2, 0.5]},
	 "init_data":{},
	 "conns":{"P":["EB","P"]}
	 },
"Pump1":{
	 "data":{"type":"Pump","A":50,"B":0.1,"Pmax":9810000,"Qmax":20,"Qnom":5,"n_n":1450,"eff":0.9},
	 "init_data":{"Q":[0, 0, 0, 0, 0, 0, 0, 0, 0, 0],"H":[20, 20, 20, 20, 20, 20, 20, 20, 20, 20],"n":[1450, 1450, 1450, 1450, 1450, 1450, 1450, 1450, 1450, 1450],"Pe":[98.1, 98.1, 98.1, 98.1, 98.1, 98.1, 98.1, 98.1, 98.1, 98.1]},
	 "conns":{"P":["EB","P"],"Qout":["Pipe1","Q"],"H":["Pipe1","H"],"Qin":["Reservoir0","Q"]}
	 },
"Pump2":{
	 "data":{"type":"Pump","A":50,"B":0.1,"Pmax":9810000,"Qmax":20,"Qnom":5,"n_n":1450,"eff":0.9},
	 "init_data":{"Q":[0, 0, 0, 0, 0, 0, 0, 0, 0, 0],"H":[20, 20, 20, 20, 20, 20, 20, 20, 20, 20],"n":[1450, 1450, 1450, 1450, 1450, 1450, 1450, 1450, 1450, 1450],"Pe":[98.1, 98.1, 98.1, 98.1, 98.1, 98.1, 98.1, 98.1, 98.1, 98.1]},
	 "conns":{"P":["EB","P"],"Qout":["Pipe1","Q"],"H":["Pipe1","H"],"Qin":["Reservoir0","Q"]}
	 },
"Battery":{
	 "data":{"type":"Battery_FCR","E0":0.5,"Emax":24000,"Emin":0,"SOCmax":1,"SOCmin":0,"Pmax":1000,"Einst":24000,"Pinst":1000,"rend_ch":0.9,"rend_disc":1.1,"slope_fcr":-5,"dt":1,"ActFCRPos":[0.0, 0.06301754385964912, 0.0, 0.0, 0.06775438596491228, 0.0, 0.06301754385964912, 0.0, 0.0, 0.06775438596491228],"ActFCRNeg":[-0.06090526315789474, 0.0, -0.16428771929824562, -0.1480280701754386, 0.0, -0.06090526315789474, 0.0, -0.16428771929824562, -0.1480280701754386, 0.0],"FCRreBAP":[185.56, 78.96, 237.1, 225.43, 56.95, 185.56, 78.96, 237.1, 225.43, 56.95],"FCRRemuneration":[8.705, 8.705, 8.705, 8.705, 8.705, 8.705, 8.705, 8.705, 8.705, 8.705]},
	 "init_data":{},
	 "conns":{"P":["EB","P"]}
	 }
}
