{
"EB":{
	 "data":{"type":"EB"},
	 "init_data":{},
	 "conns":{}
	 },
"Grid":{
	 "data":{"type":"Grid","Pmax":480000},
	 "init_data":{},
	 "conns":{"P":["EB","P"]}
	 },
"PV":{
	 "data":{"type":"SolarPV","Pinst":50000,"Pmax":100000,"eff":0.95,"forecast":[1.0, 0.5, 0.25, 0.75, 1.0, 1.0, 0.5, 0.25, 0.75, 1.0, 0.0, 0.6, 0.6, 0.54, 0.98, 0.605142857142857, 0.599785714285714, 0.94428571428571, 0.89071428571428, 0.583714285714286, 0.78357142857143, 0.73, 0.67642857142857, 0.62285714285714, 0.56928571428571]},
	 "init_data":{},
	 "conns":{"P":["EB","P"]}
	 },
"Battery":{
	 "data":{"type":"Battery_MV","E0":2000,"Emax":24000,"Emin":0,"SOCmax":1,"SOCmin":0,"Pmax":1000,"Einst":24000,"Pinst":1000,"rend_ch":0.9,"rend_disc":1.1,"slope_fcr":-5,"dt":1,"F":[50.0, 50.2, 50.2, 50.05, 50.05, 50.1, 50.2, 50.0, 50.0, 49.8, 49.95, 49.9, 49.8, 49.8, 49.8, 49.8, 49.8, 49.8, 49.8, 49.8, 49.8, 49.8, 50.0, 50.0, 50.0]},
	 "init_data":{},
	 "conns":{"P":["EB","P"]}
	 }
}
