{
"EB":{
	 "data":{"type":"EB"},
	 "init_data":{},
	 "conns":{}
	 },
"Grid":{
	 "data":{"type":"Grid","Pmax":480000},
	 "init_data":{},
	 "conns":{"P":["EB","P"]}
	 },
"PV":{
	 "data":{"type":"SolarPV","Pinst":5000,"Pmax":100000,"eff":0.95,"forecast":[0.0, 0.0, 0.0, 0.0, 0.2, 0.4, 0.6, 0.8, 0.9, 1.0, 0.95, 0.9, 0.8, 0.6, 0.4, 0.2, 0.1, 0.0, 0.0, 0.0, 0.0, 0.0, 0.0, 0.0, 0.0, 0.0, 0.0, 0.0, 0.0, 0.2, 0.4, 0.6, 0.8, 0.9, 1.0, 0.95, 0.9, 0.8, 0.6, 0.4, 0.2, 0.1, 0.0, 0.0, 0.0, 0.0, 0.0, 0.0, 0.0, 0.0, 0.95, 0.9, 0.8, 0.6, 0.4]},
	 "init_data":{},
	 "conns":{"P":["EB","P"]}
	 },
"Battery":{
	 "data":{"type":"Battery_MV","E0":2000,"Emax":24000,"Emin":0,"SOCmax":1,"SOCmin":0,"Pmax":1000,"Einst":24000,"Pinst":1000,"rend_ch":0.9,"rend_disc":1.1,"slope_fcr":-5,"dt":1,"F":[50.0, 50.2, 50.2, 50.05, 50.05, 50.1, 50.2, 50.0, 50.0, 49.8, 49.8, 49.8, 49.8, 49.8, 49.8, 49.8, 49.8, 49.8, 49.8, 49.8, 49.8, 49.95, 50.0, 50.2, 50.2, 50.2, 50.2, 50.2, 50.2, 50.2, 50.2, 50.2, 50.2, 50.2, 50.2, 50.2, 50.2, 50.2, 50.2, 50.2, 50.2, 50.2, 50.2, 50.2, 50.2, 50.2, 50.2, 50.2, 50.2, 50.2, 50.0, 49.8, 49.8, 49.8, 49.8],"FCRCharge":[0.0, 1000.00000000001, 1000.0000000000142, 249.9999999999858, 249.9999999999858, 500.0000000000071, 1000.0000000000142, 0.0, 0.0, 0.0, 0.0, 0.0, 0.0, 0.0, 0.0, 0.0, 0.0, 0.0, 0.0, 0.0, 0.0, 0.0, 0.0, 1000.0000000000142, 1000.0000000000142, 1000.0000000000142, 1000.0000000000142, 1000.0000000000142, 0.0, 0.0, 1000.0000000000142, 1000.0000000000142, 1000.0000000000142, 1000.0000000000142, 0.0, 0.0, 1000.0000000000142, 1000.0000000000142, 1000.0000000000142, 1000.0000000000142, 0.0, 0.0, 1000.0000000000142, 1000.0000000000142, 1000.0000000000142, 1000.0000000000142, 1000.0000000000142, 1000.0000000000142, 1000.0000000000142, 1000.0000000000142, 0.0, 0.0, 0.0, 0.0, 0.0],"FCRDisCharge":[0.0, 0.0, 0.0, 0.0, 0.0, 0.0, 0.0, 0.0, 0.0, -1000.0000000000142, -1000.0000000000142, -1000.0000000000142, -1000.0000000000142, -1000.0000000000142, 0.0, 0.0, -1000.0000000000142, -1000.0000000000142, -1000.0000000000142, -1000.0000000000142, -1000.0000000000142, -249.9999999999858, 0.0, 0.0, 0.0, 0.0, 0.0, 0.0, 0.0, 0.0, 0.0, 0.0, 0.0, 0.0, 0.0, 0.0, 0.0, 0.0, 0.0, 0.0, 0.0, 0.0, 0.0, 0.0, 0.0, 0.0, 0.0, 0.0, 0.0, 0.0, 0.0, -1000.0000000000142, -1000.0000000000142, -1000.0000000000142, -1000.0000000000142]},
	 "init_data":{},
	 "conns":{"P":["EB","P"]}
	 }
}
