{
"EB":{
	 "data":{"type":"EB"},
	 "init_data":{},
	 "conns":{}
	 },
"Grid":{
	 "data":{"type":"Grid","Pmax":4.8},
	 "init_data":{},
	 "conns":{"P":["EB","P"]}
	 },
"PV":{
	 "data":{"type":"SolarPV","Pinst":1.4,"Pmax":10,"eff":1,"forecast":[0.0, 0.0, 0.0, 0.0, 0.2, 0.4, 0.6, 0.8, 0.9, 1.0, 0.95, 0.9, 0.8, 0.6, 0.4, 0.2, 0.1, 0.0, 0.0, 0.0, 0.0, 0.0, 0.0, 0.0, 0.0, 0.0, 0.0, 0.0, 0.0, 0.2, 0.4, 0.6, 0.8, 0.9, 1.0, 0.95, 0.9, 0.8, 0.6, 0.4, 0.2, 0.1, 0.0, 0.0, 0.0, 0.0, 0.0, 0.0, 0.0, 0.0, 0.0, 0.0, 0.2, 0.4, 0.6, 0.8, 0.9, 1.0, 0.95, 0.9, 0.8, 0.6, 0.4, 0.2, 0.1, 0.0, 0.0, 0.0, 0.0, 0.0, 0.0, 0.0, 0.0, 0.0, 0.0, 0.0, 0.0, 0.2, 0.4, 0.6, 0.8, 0.9, 1.0, 0.95, 0.9, 0.8, 0.6, 0.4, 0.2, 0.1, 0.0, 0.0, 0.0, 0.0, 0.0, 0.0, 0.0, 0.0, 0.0, 0.0, 0.2, 0.4, 0.6, 0.8, 0.9, 1.0, 0.95, 0.9, 0.8, 0.6, 0.4, 0.2, 0.1, 0.0, 0.0, 0.0, 0.0, 0.0, 0.0, 0.0, 0.0, 0.0, 0.0, 0.0, 0.0, 0.2, 0.4, 0.6, 0.8, 0.9, 1.0, 0.95, 0.9, 0.8, 0.6, 0.4, 0.2, 0.1, 0.0, 0.0, 0.0, 0.0, 0.0, 0.0, 0.0, 0.0, 0.0, 0.0, 0.2, 0.4, 0.6, 0.8, 0.9, 1.0, 0.95, 0.9, 0.8, 0.6, 0.4, 0.2, 0.1, 0.0, 0.0, 0.0, 0.0, 0.0, 0.0, 0.0]},
	 "init_data":{},
	 "conns":{"P":["EB","P"]}
	 },
"Battery":{
	 "data":{"type":"Battery_FCR","E0":0.5,"Emax":24000,"Emin":0,"SOCmax":1,"SOCmin":0,"Pmax":1000,"Einst":24000,"Pinst":1000,"rend_ch":0.9,"rend_disc":1.1,"slope_fcr":-5,"dt":1,"ActFCRPos":[0.0, 0.06301754385964912, 0.0024561403508771926, 0.05661052631578947, 0.24327017543859647, 0.0, 0.0, 0.0, 0.06775438596491228, 0.0, 0.0, 0.0, 0.0, 0.0, 0.0, 0.0, 0.0, 0.0, 0.0, 0.0, 0.0, 0.0, 0.0, 0.0, 0.0, 0.0, 0.0, 0.0, 0.0, 0.0, 0.0, 0.0, 0.0, 0.04185964912280701, 0.0, 0.0, 0.0, 0.0, 0.0, 0.0, 0.3548771929824561, 0.3715017543859649, 0.22027368421052632, 0.4045684210526316, 0.6024912280701755, 0.01495438596491228, 0.06395087719298245, 0.09841403508771929, 0.0, 0.02665964912280702, 0.05870877192982456, 0.0, 0.0, 0.0, 0.0, 0.02450526315789474, 0.0, 0.0, 0.11877894736842104, 0.05717894736842105, 0.0, 0.0, 0.02440701754385965, 0.0, 0.0, 0.0, 0.12324912280701754, 0.19223157894736842, 0.0, 0.0, 0.0, 0.0, 0.0, 0.11310877192982455, 0.08656140350877194, 0.09880701754385965, 0.0, 0.0, 0.0, 0.0, 0.04153684210526316, 0.0, 0.0, 0.0, 0.19783859649122806, 0.0, 0.0, 0.0, 0.13960701754385962, 0.0, 0.0, 0.0, 0.0, 0.0, 0.0, 0.0, 0.0, 0.0, 0.0, 0.0, 0.0, 0.0, 0.0, 0.0, 0.0, 0.0, 0.0, 0.0, 0.0, 0.0, 0.0, 0.0, 0.0, 0.0, 0.0, 0.0, 0.0, 0.0, 0.04963508771929825, 0.06858245614035087, 0.0, 0.0, 0.006533333333333334, 0.0, 0.0, 0.0, 0.0915859649122807, 0.01752280701754386, 0.0, 0.0, 0.042077192982456144, 0.0, 0.0, 0.0, 0.08555789473684211, 0.11400701754385964, 0.0, 0.0, 0.002701754385964912, 0.0, 0.0, 0.0, 0.042750877192982456, 0.04254736842105263, 0.0033964912280701753, 0.0, 0.06663859649122807, 0.0, 0.08372631578947368, 0.010308771929824562, 0.08164912280701754, 0.0, 0.01569122807017544, 0.07980350877192982, 0.10230175438596491, 0.013403508771929824, 0.18706666666666666, 0.12409122807017543, 0.0968701754385965, 0.009157894736842104, 0.0, 0.07073684210526315, 0.05496842105263158, 0.1024, 0.0, 0.05753684210526316, 0.04487017543859649, 0.0],"ActFCRNeg":[-0.06090526315789474, 0.0, 0.0, 0.0, 0.0, -0.16428771929824562, -0.1480280701754386, -0.07864561403508773, 0.0, -0.34007719298245614, -0.39981052631578945, -0.4896842105263158, -0.08091228070175438, -0.17153684210526315, -0.16988771929824562, -0.26108070175438597, -0.24071578947368422, -0.38432280701754384, -0.4404070175438597, -0.3957964912280702, -0.19491228070175437, -0.19423859649122807, -0.10110175438596491, -0.14225263157894738, -0.3710175438596491, -0.3776140350877193, -0.38527017543859654, -0.42556491228070176, -0.21996491228070175, -0.29541754385964913, -0.2899298245614035, -0.37133333333333335, -0.0728280701754386, 0.0, -0.12928421052631578, -0.15368421052631578, -0.21024561403508774, -0.16174736842105264, -0.12079298245614035, -0.11433684210526315, 0.0, 0.0, 0.0, 0.0, 0.0, 0.0, 0.0, 0.0, -0.12084210526315789, 0.0, 0.0, -0.212140350877193, -0.03804912280701754, -0.17866666666666667, -0.021403508771929824, 0.0, -0.3212912280701754, -0.11391578947368422, 0.0, 0.0, -0.39063157894736844, -0.2515508771929824, 0.0, -0.04061754385964912, -0.24305263157894735, -0.13442105263157897, 0.0, 0.0, -0.26668070175438596, -0.366680701754386, -0.3226877192982456, -0.4216140350877193, -0.3026526315789474, 0.0, 0.0, 0.0, -0.19546666666666665, -0.2266175438596491, -0.2111578947368421, -0.05701754385964912, 0.0, -0.12088421052631579, -0.12931929824561403, -0.12586666666666665, 0.0, -0.09208421052631578, -0.034659649122807015, -0.19436491228070174, 0.0, -0.04355087719298246, -0.06769824561403509, -0.058680701754385965, -0.07146666666666666, -0.15832280701754387, -0.15940350877192982, -0.4011929824561404, -0.05097543859649123, -0.07943157894736842, -0.09109473684210526, -0.0948280701754386, -0.010098245614035089, -0.08204912280701754, -0.05023859649122807, -0.1172561403508772, -0.014863157894736842, -0.18176842105263158, -0.09408421052631578, -0.1315719298245614, -0.0659438596491228, -0.1627438596491228, -0.06251228070175438, -0.09047017543859649, -0.1234736842105263, -0.03136842105263158, -0.0716982456140351, -0.09417543859649123, -0.11376140350877192, -0.10631578947368421, 0.0, 0.0, -0.18524912280701755, -0.10087719298245613, 0.0, -0.07859649122807016, -0.39810526315789474, -0.1277122807017544, 0.0, 0.0, -0.1563859649122807, -0.013207017543859648, 0.0, -0.056105263157894734, -0.1460982456140351, -0.08579649122807018, 0.0, 0.0, -0.10860350877192983, -0.051207017543859645, 0.0, -0.13338245614035088, -0.01776842105263158, -0.11000701754385965, 0.0, 0.0, 0.0, -0.0967859649122807, 0.0, -0.07273684210526316, 0.0, 0.0, 0.0, -0.15300350877192984, 0.0, 0.0, 0.0, 0.0, 0.0, 0.0, 0.0, 0.0, -0.05734736842105263, 0.0, 0.0, 0.0, -0.1415859649122807, 0.0, 0.0, -0.0020350877192982456],"FCRreBAP":[185.56, -78.96, -76.74, -60.71, 250.99, 237.1, 225.43, 212.36, -56.95, -70.84, -60.93, -119.7, -56.46, -75.1, -84.18, -56.18, 192.89, -38.43, -62.78, -57.56, -81.73, -19.61, -3.69, -25.45, -76.88, -58.98, -59.66, -56.72, -69.73, -66.41, -178.79, -834.18, -276.31, -185.32, -186.59, -162.57, -140.87, -150.49, -128.95, -142.39, -176.78, -139.5, -124.01, 146.2, 208.04, -134.34, -151.84, -163.78, -141.49, -77.82, 183.06, 181.81, -188.05, -151.26, -59.97, 182.26, -2919.03, -1007.76, 276.06, 197.11, 200.01, -82.79, -55.58, -83.48, -13.79, -91.69, -63.87, 209.07, 260.32, 203.2, 183.73, -67.17, -180.57, -78.34, -69.89, -77.8, -40.92, -83.82, -114.98, -65.28, 199.14, 181.78, 160.0, 160.0, -37.44, -29.62, 168.2, 180.92, 206.15, 202.82, 203.16, 201.17, 201.15, -59.96, -61.95, -228.92, -123.13, -151.25, -64.68, 179.4, -50.87, -138.56, -78.02, -114.13, -10.4, -207.87, -218.64, -140.39, -20.04, -62.18, -63.25, -63.84, -62.34, -46.57, -27.08, -99.06, -213.56, -129.08, -102.62, -67.46, -171.46, -129.88, -273.61, -258.89, -220.27, -195.15, -119.5, -304.08, -239.61, -249.73, -83.3, -91.29, -5.12, 9.85, 184.66, 296.94, 236.22, 235.92, 268.09, 263.09, 4.02, -13.57, -4.87, 15.51, 7.83, 11.93, 198.8, -0.58, 10.3, 176.38, 187.4, 174.8, 2.38, -3.88, 6.12, 6.27, 206.22, 218.21, 210.58, 38.06, 1.76, 348.76, 9.28, 47.65, 204.84, 9.77, 5.15, -87.66],