,Turb3w.Pdim,Turb3s.Pdim
,101326.96093444756,101326.94631156948
