,Turb2w.Pdim,PVw.Pdim,Turb2s.Pdim,PVs.Pdim
,210676.16509649996,0.0,103683.43104394371,0.0
