,Turb1s.Pdim,PVs.Pdim,Bats.Pdim,Bats.Edim
,40000.0,49999.999999999985,31111.111111111113,144000000.0
