,Turb1s.Pdim,PVs.Pdim,Bats.Pdim,Bats.Edim
,22802.99251150382,50000.00000000001,0.0,4.547473508864641e-13
