,Turb1s.Pdim,PVs.Pdim,Bats.Pdim,Bats.Edim
,11428.956065573771,50000.0,0.0,4.547473508864641e-13
