,Turb1.Pdim,PV.Pdim,Bat.Pdim,Bat.Edim
,14613.337728929273,49999.99999999999,0.0,0.0
