,Turb1.Pdim,PV.Pdim,Bat.Pdim,Bat.Edim
,13412.187499999998,49999.99999999999,0.0,0.0
