,Turb1s.Pdim,PVs.Pdim,Bats.Pdim,Bats.Edim
,22563.159508018212,50000.0,0.0,5.820766091346741e-11
