,Turb1s.Pdim,PVs.Pdim,BatsDim.Pdim,BatsDim.Edim
,38080.10309630798,50000.0,0.015583153350238943,0.00675790864296841
