,Turb1s.Pdim,PVs.Pdim,BatsDim.Pdim,BatsDim.Edim
,38056.614461610254,50000.0,0.05333055077455305,0.013587002858279955
