,Turb1s.Pdim,PVs.Pdim,Bats.Pdim,Bats.Edim
,11428.956065573771,49999.999999999985,0.0,2.2737367544323206e-13
