,Sell_W,Sell_S,Sell,Buy_W,Buy_S,Buy,Esell_W,Esell_S,Esell,Ebuy_W,Ebuy_S,Ebuy,Wriver_W,Wriver_S,Wriver
0,167.870636441886,8.951930857705547,176.82256729959155,2.658276145463517e-07,64.33171294882678,64.33171321465439,2027.1246558059622,76.86129807345812,2103.9859538794203,2.5709689983350786e-06,469.5598948004515,469.5598973714205,3432.3546072254253,17385.64204302802,20817.996650253444
