,Sell_W,Sell_S,Sell,Buy_W,Buy_S,Buy,Esell_W,Esell_S,Esell,Ebuy_W,Ebuy_S,Ebuy,Wriver_W,Wriver_S,Wriver,CO2_W,CO2_S,CO2
0,167.87063641707567,8.951930820815607,88.41128361894565,2.3239589260577138e-07,64.33171289175196,32.16585656207393,2027.1246554818097,76.8612976957357,1051.9929765887728,2.301356664793858e-06,469.5598944295716,234.77994836546415,3432.3546072254253,17385.64204302802,10408.998325126722,-143.1973666416757,39.28187948537266,-51.95774357815152
