,Turb3w.Pdim,PVw.Pdim,Turb3s.Pdim,PVs.Pdim
,189510.23999543735,0.0,101326.90717308855,0.0
