,Sell_W,Sell_S,Sell,Buy_W,Buy_S,Buy,Esell_W,Esell_S,Esell,Ebuy_W,Ebuy_S,Ebuy,Wriver_W,Wriver_S,Wriver
0,0.0,0.0,0.0,1.5979774448410445e-06,55.71437262924022,55.71437422721767,0.0,0.0,0.0,1.232874347496665e-05,400.53420439716564,400.5342167259091,4571.369209380624,17385.642143008685,21957.01135238931
