,Sell_W,Sell_S,Sell,Buy_W,Buy_S,Buy,Esell_W,Esell_S,Esell,Ebuy_W,Ebuy_S,Ebuy,Wriver_W,Wriver_S,Wriver
0,50.026383352217415,2.450124004094295,52.47650735631171,2.7559246071738725e-05,289.7733877747097,289.77341533395577,385.55326678486387,18.77898541368377,404.3322521985476,0.00020562660401587108,2149.7218877589025,2149.7220933855065,3432.473882095214,17385.643478068243,20818.11736016346
