,Sell_W,Sell_S,Sell,Buy_W,Buy_S,Buy,Esell_W,Esell_S,Esell,Ebuy_W,Ebuy_S,Ebuy,Wriver_W,Wriver_S,Wriver,CO2_W,CO2_S,CO2
0,50.02636820447931,2.45010265830002,26.238235431389665,0.0,289.77335473993713,144.88667736996857,385.55306115825977,18.778772173099917,202.16591666567984,0.0,2149.7216745183187,1074.8608372591593,3432.473882095214,17385.643478068243,10409.05868008173,-34.681910571713175,223.8845202784989,94.60130485339286
